Day,Price,Action True,Action Final,Action,Inventory,Reward,Total Reward,Initial Cash,Current Cash,Inventory Worth,Net Worth,Total Profit,Investment,HOLD,BUY,SELL,ALL,HOLD R,BUY R,SELL R
1,183.4600067138672,0,0,HOLD,[],0.0,0.0,10000,10000.0,0.0,10000.0,0.0,0.0,1,0,0,1,1.0,0.0,0.0
2,187.8300018310547,1,1,BUY,[187.8300018310547],1.0,1.0,10000,9812.169998168945,187.8300018310547,10000.0,0.0,0.0,1,1,0,2,0.5,0.5,0.0
3,184.9499969482422,1,1,BUY,"[187.8300018310547, 184.9499969482422]",1.0,2.0,10000,9627.220001220703,369.8999938964844,9997.119995117188,0.0,-0.028800048828125,1,2,0,3,0.3333333333333333,0.6666666666666666,0.0
4,187.1199951171875,2,2,SELL,[184.9499969482422],-1.0,1.0,10000,9814.33999633789,187.1199951171875,10001.459991455078,-0.7100067138671875,0.014599914550781249,1,2,1,4,0.25,0.5,0.25
5,187.5,2,2,SELL,[],1.0,2.0,10000,10001.83999633789,0.0,10001.83999633789,1.839996337890625,0.018399963378906252,1,2,2,5,0.2,0.4,0.4
6,189.9499969482422,1,1,BUY,[189.9499969482422],1.0,3.0,10000,9811.889999389648,189.9499969482422,10001.83999633789,1.839996337890625,0.018399963378906252,1,3,2,6,0.16666666666666666,0.5,0.3333333333333333
7,191.94000244140625,0,0,HOLD,[189.9499969482422],0.0,3.0,10000,9811.889999389648,191.94000244140625,10003.830001831055,1.839996337890625,0.03830001831054688,2,3,2,7,0.2857142857142857,0.42857142857142855,0.2857142857142857
8,192.36000061035156,0,0,HOLD,[189.9499969482422],0.0,3.0,10000,9811.889999389648,192.36000061035156,10004.25,1.839996337890625,0.042499999999999996,3,3,2,8,0.375,0.375,0.25
9,192.4499969482422,1,1,BUY,"[189.9499969482422, 192.4499969482422]",0.0,3.0,10000,9619.440002441406,384.8999938964844,10004.33999633789,1.839996337890625,0.043399963378906246,3,4,2,9,0.3333333333333333,0.4444444444444444,0.2222222222222222
10,191.11000061035156,2,2,SELL,[192.4499969482422],1.0,4.0,10000,9810.550003051758,191.11000061035156,10001.66000366211,3.0,0.016600036621093748,3,4,3,10,0.3,0.4,0.3
11,190.7899932861328,1,1,BUY,"[192.4499969482422, 190.7899932861328]",1.0,5.0,10000,9619.760009765625,381.5799865722656,10001.33999633789,3.0,0.013399963378906251,3,5,3,11,0.2727272727272727,0.45454545454545453,0.2727272727272727
12,192.5,0,0,HOLD,"[192.4499969482422, 190.7899932861328]",0.0,5.0,10000,9619.760009765625,385.0,10004.760009765625,3.0,0.04760009765625,4,5,3,12,0.3333333333333333,0.4166666666666667,0.25
13,193.35000610351562,2,2,SELL,[190.7899932861328],1.0,6.0,10000,9813.11001586914,193.35000610351562,10006.460021972656,3.9000091552734375,0.06460021972656249,4,5,4,13,0.3076923076923077,0.38461538461538464,0.3076923076923077
14,195.83999633789062,2,2,SELL,[],1.0,7.0,10000,10008.950012207031,0.0,10008.950012207031,8.95001220703125,0.08950012207031251,4,5,5,14,0.2857142857142857,0.35714285714285715,0.35714285714285715
15,194.72999572753906,1,1,BUY,[194.72999572753906],1.0,8.0,10000,9814.220016479492,194.72999572753906,10008.950012207031,8.95001220703125,0.08950012207031251,4,6,5,15,0.26666666666666666,0.4,0.3333333333333333
16,198.60000610351562,1,1,BUY,"[194.72999572753906, 198.60000610351562]",0.0,8.0,10000,9615.620010375977,397.20001220703125,10012.820022583008,8.95001220703125,0.12820022583007815,4,7,5,16,0.25,0.4375,0.3125
17,199.19000244140625,0,0,HOLD,"[194.72999572753906, 198.60000610351562]",0.0,8.0,10000,9615.620010375977,398.3800048828125,10014.000015258789,8.95001220703125,0.14000015258789064,5,7,5,17,0.29411764705882354,0.4117647058823529,0.29411764705882354
18,195.8699951171875,1,1,BUY,"[194.72999572753906, 198.60000610351562, 195.8699951171875]",0.0,8.0,10000,9419.750015258789,587.6099853515625,10007.360000610352,8.95001220703125,0.07360000610351562,5,8,5,18,0.2777777777777778,0.4444444444444444,0.2777777777777778
19,200.02999877929688,2,2,SELL,"[198.60000610351562, 195.8699951171875]",1.1,9.1,10000,9619.780014038086,400.05999755859375,10019.84001159668,14.250015258789062,0.1984001159667969,5,8,6,19,0.2631578947368421,0.42105263157894735,0.3157894736842105
20,199.74000549316406,0,0,HOLD,"[198.60000610351562, 195.8699951171875]",0.0,9.1,10000,9619.780014038086,399.4800109863281,10019.260025024414,14.250015258789062,0.19260025024414062,6,8,6,20,0.3,0.4,0.3
21,198.99000549316406,2,2,SELL,[195.8699951171875],1.0,10.1,10000,9818.77001953125,198.99000549316406,10017.760025024414,14.6400146484375,0.1776002502441406,6,8,7,21,0.2857142857142857,0.38095238095238093,0.3333333333333333
22,196.85000610351562,1,1,BUY,"[195.8699951171875, 196.85000610351562]",0.0,10.1,10000,9621.920013427734,393.70001220703125,10015.620025634766,14.6400146484375,0.15620025634765625,6,9,7,22,0.2727272727272727,0.4090909090909091,0.3181818181818182
23,199.25999450683594,1,1,BUY,"[195.8699951171875, 196.85000610351562, 199.25999450683594]",0.0,10.1,10000,9422.660018920898,597.7799835205078,10020.440002441406,14.6400146484375,0.20440002441406252,6,10,7,23,0.2608695652173913,0.43478260869565216,0.30434782608695654
24,203.94000244140625,2,2,SELL,"[196.85000610351562, 199.25999450683594]",1.6,11.7,10000,9626.600021362305,407.8800048828125,10034.480026245117,22.71002197265625,0.3448002624511719,6,10,8,24,0.25,0.4166666666666667,0.3333333333333333
25,202.0800018310547,1,1,BUY,"[196.85000610351562, 199.25999450683594, 202.0800018310547]",0.0,11.7,10000,9424.52001953125,606.2400054931641,10030.760025024414,22.71002197265625,0.3076002502441406,6,11,8,25,0.24,0.44,0.32
26,206.0,1,1,BUY,"[196.85000610351562, 199.25999450683594, 202.0800018310547, 206.0]",0.0,11.7,10000,9218.52001953125,824.0,10042.52001953125,22.71002197265625,0.4252001953125,6,12,8,26,0.23076923076923078,0.46153846153846156,0.3076923076923077
27,207.00999450683594,1,1,BUY,"[196.85000610351562, 199.25999450683594, 202.0800018310547, 206.0, 207.00999450683594]",0.0,11.7,10000,9011.510025024414,1035.0499725341797,10046.559997558594,22.71002197265625,0.4655999755859375,6,13,8,27,0.2222222222222222,0.48148148148148145,0.2962962962962963
28,206.10000610351562,1,1,BUY,"[196.85000610351562, 199.25999450683594, 202.0800018310547, 206.0, 207.00999450683594, 206.10000610351562]",0.0,11.7,10000,8805.410018920898,1236.6000366210938,10042.010055541992,22.71002197265625,0.42010055541992186,6,14,8,28,0.21428571428571427,0.5,0.2857142857142857
29,205.8000030517578,0,0,HOLD,"[196.85000610351562, 199.25999450683594, 202.0800018310547, 206.0, 207.00999450683594, 206.10000610351562]",0.0,11.7,10000,8805.410018920898,1234.8000183105469,10040.210037231445,22.71002197265625,0.40210037231445317,7,14,8,29,0.2413793103448276,0.4827586206896552,0.27586206896551724
30,207.11000061035156,1,1,BUY,"[196.85000610351562, 199.25999450683594, 202.0800018310547, 206.0, 207.00999450683594, 206.10000610351562, 207.11000061035156]",0.0,11.7,10000,8598.300018310547,1449.770004272461,10048.070022583008,22.71002197265625,0.4807002258300781,7,15,8,30,0.23333333333333334,0.5,0.26666666666666666
31,207.50999450683594,2,2,SELL,"[199.25999450683594, 202.0800018310547, 206.0, 207.00999450683594, 206.10000610351562, 207.11000061035156]",2.1,13.799999999999999,10000,8805.810012817383,1245.0599670410156,10050.869979858398,33.37001037597656,0.5086997985839844,7,15,9,31,0.22580645161290322,0.4838709677419355,0.2903225806451613
32,208.9499969482422,1,1,BUY,"[199.25999450683594, 202.0800018310547, 206.0, 207.00999450683594, 206.10000610351562, 207.11000061035156, 208.9499969482422]",0.0,13.799999999999999,10000,8596.86001586914,1462.6499786376953,10059.509994506836,33.37001037597656,0.5950999450683594,7,16,9,32,0.21875,0.5,0.28125
33,207.05999755859375,1,1,BUY,"[199.25999450683594, 202.0800018310547, 206.0, 207.00999450683594, 206.10000610351562, 207.11000061035156, 208.9499969482422, 207.05999755859375]",0.0,13.799999999999999,10000,8389.800018310547,1656.47998046875,10046.279998779297,33.37001037597656,0.4627999877929687,7,17,9,33,0.21212121212121213,0.5151515151515151,0.2727272727272727
34,210.75999450683594,0,0,HOLD,"[199.25999450683594, 202.0800018310547, 206.0, 207.00999450683594, 206.10000610351562, 207.11000061035156, 208.9499969482422, 207.05999755859375]",0.0,13.799999999999999,10000,8389.800018310547,1686.0799560546875,10075.879974365234,33.37001037597656,0.7587997436523437,8,17,9,34,0.23529411764705882,0.5,0.2647058823529412
35,206.6699981689453,0,0,HOLD,"[199.25999450683594, 202.0800018310547, 206.0, 207.00999450683594, 206.10000610351562, 207.11000061035156, 208.9499969482422, 207.05999755859375]",0.0,13.799999999999999,10000,8389.800018310547,1653.3599853515625,10043.16000366211,33.37001037597656,0.4316000366210938,9,17,9,35,0.2571428571428571,0.4857142857142857,0.2571428571428571
36,201.91000366210938,2,2,SELL,"[202.0800018310547, 206.0, 207.00999450683594, 206.10000610351562, 207.11000061035156, 208.9499969482422, 207.05999755859375]",1.0,14.799999999999999,10000,8591.710021972656,1413.3700256347656,10005.080047607422,36.02001953125,0.05080047607421875,9,17,10,36,0.25,0.4722222222222222,0.2777777777777778
37,194.3699951171875,2,2,SELL,"[206.0, 207.00999450683594, 206.10000610351562, 207.11000061035156, 208.9499969482422, 207.05999755859375]",-1.5,13.299999999999999,10000,8786.080017089844,1166.219970703125,9952.299987792969,28.310012817382812,-0.4770001220703125,9,17,11,37,0.24324324324324326,0.4594594594594595,0.2972972972972973
38,186.72999572753906,2,2,SELL,"[207.00999450683594, 206.10000610351562, 207.11000061035156, 208.9499969482422, 207.05999755859375]",-3.9,9.399999999999999,10000,8972.810012817383,933.6499786376953,9906.459991455078,9.040008544921875,-0.9354000854492188,9,17,12,38,0.23684210526315788,0.4473684210526316,0.3157894736842105
39,190.6699981689453,1,1,BUY,"[207.00999450683594, 206.10000610351562, 207.11000061035156, 208.9499969482422, 207.05999755859375, 190.6699981689453]",1.0,10.399999999999999,10000,8782.140014648438,1144.0199890136719,9926.16000366211,9.040008544921875,-0.7383999633789062,9,18,12,39,0.23076923076923078,0.46153846153846156,0.3076923076923077
40,180.64999389648438,2,2,SELL,"[206.10000610351562, 207.11000061035156, 208.9499969482422, 207.05999755859375, 190.6699981689453]",-5.3,5.099999999999999,10000,8962.790008544922,903.2499694824219,9866.039978027344,-17.319992065429688,-1.3396002197265624,9,18,13,40,0.225,0.45,0.325
41,190.8800048828125,2,2,SELL,"[207.11000061035156, 208.9499969482422, 207.05999755859375, 190.6699981689453]",-3.0,2.0999999999999988,10000,9153.670013427734,763.52001953125,9917.190032958984,-32.53999328613281,-0.8280996704101562,9,18,14,41,0.21951219512195122,0.43902439024390244,0.34146341463414637
42,190.8300018310547,2,2,SELL,"[208.9499969482422, 207.05999755859375, 190.6699981689453]",-3.3,-1.200000000000001,10000,9344.500015258789,572.4900054931641,9916.990020751953,-48.81999206542969,-0.8300997924804687,9,18,15,42,0.21428571428571427,0.42857142857142855,0.35714285714285715
43,180.5500030517578,2,2,SELL,"[207.05999755859375, 190.6699981689453]",-5.7,-6.900000000000001,10000,9525.050018310547,361.1000061035156,9886.150024414062,-77.21998596191406,-1.138499755859375,9,18,16,43,0.20930232558139536,0.4186046511627907,0.37209302325581395
44,191.4199981689453,0,0,HOLD,"[207.05999755859375, 190.6699981689453]",0.0,-6.900000000000001,10000,9525.050018310547,382.8399963378906,9907.890014648438,-77.21998596191406,-0.9210998535156251,10,18,16,44,0.22727272727272727,0.4090909090909091,0.36363636363636365
45,184.0399932861328,0,0,HOLD,"[207.05999755859375, 190.6699981689453]",0.0,-6.900000000000001,10000,9525.050018310547,368.0799865722656,9893.130004882812,-77.21998596191406,-1.0686999511718749,11,18,16,45,0.24444444444444444,0.4,0.35555555555555557
46,173.4199981689453,2,2,SELL,[190.6699981689453],-6.7,-13.600000000000001,10000,9698.470016479492,173.4199981689453,9871.890014648438,-110.8599853515625,-1.281099853515625,11,18,17,46,0.2391304347826087,0.391304347826087,0.3695652173913043
47,160.0500030517578,1,1,BUY,"[190.6699981689453, 160.0500030517578]",1.0,-12.600000000000001,10000,9538.420013427734,320.1000061035156,9858.52001953125,-110.8599853515625,-1.4147998046875,11,19,17,47,0.23404255319148937,0.40425531914893614,0.3617021276595745
48,164.47999572753906,2,2,SELL,[160.0500030517578],-5.2,-17.8,10000,9702.900009155273,164.47999572753906,9867.380004882812,-137.04998779296875,-1.3261999511718752,11,19,18,48,0.22916666666666666,0.3958333333333333,0.375
49,154.39999389648438,1,1,BUY,"[160.0500030517578, 154.39999389648438]",1.0,-16.8,10000,9548.500015258789,308.79998779296875,9857.300003051758,-137.04998779296875,-1.426999969482422,11,20,18,49,0.22448979591836735,0.40816326530612246,0.3673469387755102
50,136.0,1,1,BUY,"[160.0500030517578, 154.39999389648438, 136.0]",1.0,-15.8,10000,9412.500015258789,408.0,9820.500015258789,-137.04998779296875,-1.7949998474121094,11,21,18,50,0.22,0.42,0.36
51,158.02999877929688,0,0,HOLD,"[160.0500030517578, 154.39999389648438, 136.0]",0.0,-15.8,10000,9412.500015258789,474.0899963378906,9886.59001159668,-137.04998779296875,-1.134099884033203,12,21,18,51,0.23529411764705882,0.4117647058823529,0.35294117647058826
52,148.0800018310547,2,2,SELL,"[154.39999389648438, 136.0]",-2.4,-18.2,10000,9560.580017089844,296.1600036621094,9856.740020751953,-149.01998901367188,-1.4325997924804688,12,21,19,52,0.23076923076923078,0.40384615384615385,0.36538461538461536
53,154.9199981689453,0,0,HOLD,"[154.39999389648438, 136.0]",0.0,-18.2,10000,9560.580017089844,309.8399963378906,9870.420013427734,-149.01998901367188,-1.2957998657226564,13,21,19,53,0.24528301886792453,0.39622641509433965,0.3584905660377358
54,141.82000732421875,2,2,SELL,[136.0],-2.5,-20.7,10000,9702.400024414062,141.82000732421875,9844.220031738281,-161.5999755859375,-1.5577996826171874,13,21,20,54,0.24074074074074073,0.3888888888888889,0.37037037037037035
55,149.22999572753906,0,0,HOLD,[136.0],0.0,-20.7,10000,9702.400024414062,149.22999572753906,9851.630020141602,-161.5999755859375,-1.4836997985839844,14,21,20,55,0.2545454545454545,0.38181818181818183,0.36363636363636365
56,148.02000427246094,2,2,SELL,[],2.4,-18.3,10000,9850.420028686523,0.0,9850.420028686523,-149.57997131347656,-1.4957997131347656,14,21,21,56,0.25,0.375,0.375
57,144.13999938964844,1,1,BUY,[144.13999938964844],1.0,-17.3,10000,9706.280029296875,144.13999938964844,9850.420028686523,-149.57997131347656,-1.4957997131347656,14,22,21,57,0.24561403508771928,0.38596491228070173,0.3684210526315789
58,149.9600067138672,1,1,BUY,"[144.13999938964844, 149.9600067138672]",0.0,-17.3,10000,9556.320022583008,299.9200134277344,9856.240036010742,-149.57997131347656,-1.437599639892578,14,23,21,58,0.2413793103448276,0.39655172413793105,0.3620689655172414
59,149.99000549316406,1,1,BUY,"[144.13999938964844, 149.9600067138672, 149.99000549316406]",0.0,-17.3,10000,9406.330017089844,449.9700164794922,9856.300033569336,-149.57997131347656,-1.4369996643066407,14,24,21,59,0.23728813559322035,0.4067796610169492,0.3559322033898305
60,160.8800048828125,2,2,SELL,"[149.9600067138672, 149.99000549316406]",3.3,-14.0,10000,9567.210021972656,321.760009765625,9888.970031738281,-132.8399658203125,-1.1102996826171874,14,24,22,60,0.23333333333333334,0.4,0.36666666666666664
61,141.57000732421875,0,0,HOLD,"[149.9600067138672, 149.99000549316406]",0.0,-14.0,10000,9567.210021972656,283.1400146484375,9850.350036621094,-132.8399658203125,-1.4964996337890624,15,24,22,61,0.2459016393442623,0.39344262295081966,0.36065573770491804
62,155.91000366210938,2,2,SELL,[149.99000549316406],1.2,-12.8,10000,9723.120025634766,155.91000366210938,9879.030029296875,-126.88996887207031,-1.20969970703125,15,24,23,62,0.24193548387096775,0.3870967741935484,0.3709677419354839
63,156.10000610351562,0,0,HOLD,[149.99000549316406],0.0,-12.8,10000,9723.120025634766,156.10000610351562,9879.220031738281,-126.88996887207031,-1.2077996826171875,16,24,23,63,0.25396825396825395,0.38095238095238093,0.36507936507936506
64,139.22000122070312,1,1,BUY,"[149.99000549316406, 139.22000122070312]",1.0,-11.8,10000,9583.900024414062,278.44000244140625,9862.340026855469,-126.88996887207031,-1.3765997314453124,16,25,23,64,0.25,0.390625,0.359375
65,137.0500030517578,1,1,BUY,"[149.99000549316406, 139.22000122070312, 137.0500030517578]",1.0,-10.8,10000,9446.850021362305,411.15000915527344,9858.000030517578,-126.88996887207031,-1.4199996948242188,16,26,23,65,0.24615384615384617,0.4,0.35384615384615387
66,139.0,2,2,SELL,"[139.22000122070312, 137.0500030517578]",-2.2,-13.0,10000,9585.850021362305,278.0,9863.850021362305,-137.87997436523438,-1.3614997863769531,16,26,24,66,0.24242424242424243,0.3939393939393939,0.36363636363636365
67,152.32000732421875,1,1,BUY,"[139.22000122070312, 137.0500030517578, 152.32000732421875]",0.0,-13.0,10000,9433.530014038086,456.96002197265625,9890.490036010742,-137.87997436523438,-1.095099639892578,16,27,24,67,0.23880597014925373,0.40298507462686567,0.3582089552238806
68,148.6999969482422,2,2,SELL,"[137.0500030517578, 152.32000732421875]",1.9,-11.1,10000,9582.230010986328,297.3999938964844,9879.630004882812,-128.3999786376953,-1.2036999511718751,16,27,25,68,0.23529411764705882,0.39705882352941174,0.36764705882352944
69,159.2100067138672,1,1,BUY,"[137.0500030517578, 152.32000732421875, 159.2100067138672]",0.0,-11.1,10000,9423.020004272461,477.63002014160156,9900.650024414062,-128.3999786376953,-0.993499755859375,16,28,25,69,0.2318840579710145,0.4057971014492754,0.36231884057971014
70,164.89999389648438,0,0,HOLD,"[137.0500030517578, 152.32000732421875, 159.2100067138672]",0.0,-11.1,10000,9423.020004272461,494.6999816894531,9917.719985961914,-128.3999786376953,-0.8228001403808595,17,28,25,70,0.24285714285714285,0.4,0.35714285714285715
71,160.9199981689453,0,0,HOLD,"[137.0500030517578, 152.32000732421875, 159.2100067138672]",0.0,-11.1,10000,9423.020004272461,482.75999450683594,9905.779998779297,-128.3999786376953,-0.9422000122070312,18,28,25,71,0.2535211267605634,0.39436619718309857,0.352112676056338
72,172.22000122070312,1,1,BUY,"[137.0500030517578, 152.32000732421875, 159.2100067138672, 172.22000122070312]",0.0,-11.1,10000,9250.800003051758,688.8800048828125,9939.68000793457,-128.3999786376953,-0.603199920654297,18,29,25,72,0.25,0.4027777777777778,0.3472222222222222
73,169.13999938964844,0,0,HOLD,"[137.0500030517578, 152.32000732421875, 159.2100067138672, 172.22000122070312]",0.0,-11.1,10000,9250.800003051758,676.5599975585938,9927.360000610352,-128.3999786376953,-0.7263999938964844,19,29,25,73,0.2602739726027397,0.3972602739726027,0.3424657534246575
74,171.0,0,0,HOLD,"[137.0500030517578, 152.32000732421875, 159.2100067138672, 172.22000122070312]",0.0,-11.1,10000,9250.800003051758,684.0,9934.800003051758,-128.3999786376953,-0.6519999694824219,20,29,25,74,0.2702702702702703,0.3918918918918919,0.33783783783783783
75,180.94000244140625,2,2,SELL,"[152.32000732421875, 159.2100067138672, 172.22000122070312]",8.8,-2.299999999999999,10000,9431.740005493164,542.8200073242188,9974.560012817383,-84.50997924804688,-0.25439987182617185,20,29,26,75,0.26666666666666666,0.38666666666666666,0.3466666666666667
76,177.8699951171875,0,0,HOLD,"[152.32000732421875, 159.2100067138672, 172.22000122070312]",0.0,-2.299999999999999,10000,9431.740005493164,533.6099853515625,9965.349990844727,-84.50997924804688,-0.34650009155273437,21,29,26,76,0.27631578947368424,0.3815789473684211,0.34210526315789475
77,170.02000427246094,2,2,SELL,"[159.2100067138672, 172.22000122070312]",3.5,1.200000000000001,10000,9601.760009765625,340.0400085449219,9941.800018310547,-66.80998229980469,-0.5819998168945313,21,29,27,77,0.2727272727272727,0.37662337662337664,0.35064935064935066
78,175.3699951171875,2,2,SELL,[172.22000122070312],3.2,4.400000000000001,10000,9777.130004882812,175.3699951171875,9952.5,-50.649993896484375,-0.475,21,29,28,78,0.2692307692307692,0.3717948717948718,0.358974358974359
79,175.5500030517578,1,1,BUY,"[172.22000122070312, 175.5500030517578]",0.0,4.400000000000001,10000,9601.580001831055,351.1000061035156,9952.68000793457,-50.649993896484375,-0.4731999206542969,21,30,28,79,0.26582278481012656,0.379746835443038,0.35443037974683544
80,180.35000610351562,1,1,BUY,"[172.22000122070312, 175.5500030517578, 180.35000610351562]",0.0,4.400000000000001,10000,9421.229995727539,541.0500183105469,9962.280014038086,-50.649993896484375,-0.3771998596191406,21,31,28,80,0.2625,0.3875,0.35
81,182.50999450683594,2,2,SELL,"[175.5500030517578, 180.35000610351562]",2.1,6.500000000000002,10000,9603.739990234375,365.0199890136719,9968.759979248047,-40.36000061035156,-0.31240020751953124,21,31,29,81,0.25925925925925924,0.38271604938271603,0.35802469135802467
82,177.30999755859375,0,0,HOLD,"[175.5500030517578, 180.35000610351562]",0.0,6.500000000000002,10000,9603.739990234375,354.6199951171875,9958.359985351562,-40.36000061035156,-0.416400146484375,22,31,29,82,0.2682926829268293,0.3780487804878049,0.35365853658536583
83,187.89999389648438,1,1,BUY,"[175.5500030517578, 180.35000610351562, 187.89999389648438]",0.0,6.500000000000002,10000,9415.83999633789,563.6999816894531,9979.539978027344,-40.36000061035156,-0.2046002197265625,22,32,29,83,0.26506024096385544,0.3855421686746988,0.3493975903614458
84,187.1300048828125,2,2,SELL,"[180.35000610351562, 187.89999389648438]",2.3,8.8,10000,9602.970001220703,374.260009765625,9977.230010986328,-28.779998779296875,-0.22769989013671876,22,32,30,84,0.2619047619047619,0.38095238095238093,0.35714285714285715
85,174.89999389648438,1,1,BUY,"[180.35000610351562, 187.89999389648438, 174.89999389648438]",1.0,9.8,10000,9428.070007324219,524.6999816894531,9952.769989013672,-28.779998779296875,-0.4723001098632812,22,33,30,85,0.25882352941176473,0.38823529411764707,0.35294117647058826
86,177.8000030517578,0,0,HOLD,"[180.35000610351562, 187.89999389648438, 174.89999389648438]",0.0,9.8,10000,9428.070007324219,533.4000091552734,9961.470016479492,-28.779998779296875,-0.3852998352050781,23,33,30,86,0.26744186046511625,0.38372093023255816,0.3488372093023256
87,180.49000549316406,2,2,SELL,"[187.89999389648438, 174.89999389648438]",1.0,10.8,10000,9608.560012817383,360.9800109863281,9969.540023803711,-28.639999389648438,-0.3045997619628906,23,33,31,87,0.26436781609195403,0.3793103448275862,0.3563218390804598
88,181.22999572753906,2,2,SELL,[174.89999389648438],-1.3,9.5,10000,9789.790008544922,181.22999572753906,9971.020004272461,-35.30999755859375,-0.28979995727539065,23,33,32,88,0.26136363636363635,0.375,0.36363636363636365
89,184.0,1,1,BUY,"[174.89999389648438, 184.0]",0.0,9.5,10000,9605.790008544922,368.0,9973.790008544922,-35.30999755859375,-0.26209991455078124,23,34,32,89,0.25842696629213485,0.38202247191011235,0.3595505617977528
90,184.2899932861328,0,0,HOLD,"[174.89999389648438, 184.0]",0.0,9.5,10000,9605.790008544922,368.5799865722656,9974.369995117188,-35.30999755859375,-0.25630004882812496,24,34,32,90,0.26666666666666666,0.37777777777777777,0.35555555555555557
91,184.39999389648438,2,2,SELL,[184.0],1.9,11.4,10000,9790.190002441406,184.39999389648438,9974.58999633789,-25.80999755859375,-0.2541000366210937,24,34,33,91,0.26373626373626374,0.37362637362637363,0.3626373626373626
92,180.97000122070312,2,2,SELL,[],-1.0,10.4,10000,9971.16000366211,0.0,9971.16000366211,-28.839996337890625,-0.2883999633789062,24,34,34,92,0.2608695652173913,0.3695652173913043,0.3695652173913043
93,176.86000061035156,0,2,SELL,[],-1.0,9.4,10000,9971.16000366211,0.0,9971.16000366211,-28.839996337890625,-0.2883999633789062,25,34,34,93,0.26881720430107525,0.3655913978494624,0.3655913978494624
94,177.8699951171875,0,2,SELL,[],-1.0,8.4,10000,9971.16000366211,0.0,9971.16000366211,-28.839996337890625,-0.2883999633789062,26,34,34,94,0.2765957446808511,0.3617021276595745,0.3617021276595745
95,180.72000122070312,1,1,BUY,[180.72000122070312],1.0,9.4,10000,9790.440002441406,180.72000122070312,9971.16000366211,-28.839996337890625,-0.2883999633789062,26,35,34,95,0.2736842105263158,0.3684210526315789,0.35789473684210527
96,190.10000610351562,2,2,SELL,[],1.9,11.3,10000,9980.540008544922,0.0,9980.540008544922,-19.459991455078125,-0.19459991455078124,26,35,35,96,0.2708333333333333,0.3645833333333333,0.3645833333333333
97,194.7100067138672,0,0,HOLD,[],0.0,11.3,10000,9980.540008544922,0.0,9980.540008544922,-19.459991455078125,-0.19459991455078124,27,35,35,97,0.27835051546391754,0.36082474226804123,0.36082474226804123
98,196.63999938964844,1,1,BUY,[196.63999938964844],1.0,12.3,10000,9783.900009155273,196.63999938964844,9980.540008544922,-19.459991455078125,-0.19459991455078124,27,36,35,98,0.2755102040816326,0.3673469387755102,0.35714285714285715
99,194.75,2,2,SELL,[],-1.0,11.3,10000,9978.650009155273,0.0,9978.650009155273,-21.349990844726562,-0.2134999084472656,27,36,36,99,0.2727272727272727,0.36363636363636365,0.36363636363636365
100,195.77999877929688,0,0,HOLD,[],0.0,11.3,10000,9978.650009155273,0.0,9978.650009155273,-21.349990844726562,-0.2134999084472656,28,36,36,100,0.28,0.36,0.36
101,199.52999877929688,1,1,BUY,[199.52999877929688],1.0,12.3,10000,9779.120010375977,199.52999877929688,9978.650009155273,-21.349990844726562,-0.2134999084472656,28,37,36,101,0.27722772277227725,0.36633663366336633,0.3564356435643564
102,199.80999755859375,0,0,HOLD,[199.52999877929688],0.0,12.3,10000,9779.120010375977,199.80999755859375,9978.93000793457,-21.349990844726562,-0.2106999206542969,29,37,36,102,0.28431372549019607,0.3627450980392157,0.35294117647058826
103,202.6300048828125,2,2,SELL,[],1.0,13.3,10000,9981.750015258789,0.0,9981.750015258789,-18.249984741210938,-0.18249984741210937,29,37,37,103,0.2815533980582524,0.3592233009708738,0.3592233009708738
104,210.3800048828125,0,0,HOLD,[],0.0,13.3,10000,9981.750015258789,0.0,9981.750015258789,-18.249984741210938,-0.18249984741210937,30,37,37,104,0.28846153846153844,0.3557692307692308,0.3557692307692308
105,219.2899932861328,1,1,BUY,[219.2899932861328],1.0,14.3,10000,9762.460021972656,219.2899932861328,9981.750015258789,-18.249984741210938,-0.18249984741210937,30,38,37,105,0.2857142857142857,0.3619047619047619,0.3523809523809524
106,219.08999633789062,1,1,BUY,"[219.2899932861328, 219.08999633789062]",1.0,15.3,10000,9543.370025634766,438.17999267578125,9981.550018310547,-18.249984741210938,-0.18449981689453124,30,39,37,106,0.2830188679245283,0.36792452830188677,0.3490566037735849
107,226.38999938964844,1,1,BUY,"[219.2899932861328, 219.08999633789062, 226.38999938964844]",0.0,15.3,10000,9316.980026245117,679.1699981689453,9996.150024414062,-18.249984741210938,-0.038499755859375,30,40,37,107,0.2803738317757009,0.37383177570093457,0.34579439252336447
108,225.1999969482422,1,1,BUY,"[219.2899932861328, 219.08999633789062, 226.38999938964844, 225.1999969482422]",0.0,15.3,10000,9091.780029296875,900.7999877929688,9992.580017089844,-18.249984741210938,-0.0741998291015625,30,41,37,108,0.2777777777777778,0.37962962962962965,0.3425925925925926
109,233.7100067138672,1,1,BUY,"[219.2899932861328, 219.08999633789062, 226.38999938964844, 225.1999969482422, 233.7100067138672]",0.0,15.3,10000,8858.070022583008,1168.550033569336,10026.620056152344,-18.249984741210938,0.2662005615234375,30,42,37,109,0.27522935779816515,0.3853211009174312,0.3394495412844037
110,233.50999450683594,2,2,SELL,"[219.08999633789062, 226.38999938964844, 225.1999969482422, 233.7100067138672]",2.8,18.1,10000,9091.580017089844,934.0399780273438,10025.619995117188,-4.0299835205078125,0.256199951171875,30,42,38,110,0.2727272727272727,0.38181818181818183,0.34545454545454546
111,234.14999389648438,1,1,BUY,"[219.08999633789062, 226.38999938964844, 225.1999969482422, 233.7100067138672, 234.14999389648438]",0.0,18.1,10000,8857.43002319336,1170.7499694824219,10028.179992675781,-4.0299835205078125,0.2817999267578125,30,43,38,111,0.2702702702702703,0.38738738738738737,0.34234234234234234
112,236.58999633789062,2,2,SELL,"[226.38999938964844, 225.1999969482422, 233.7100067138672, 234.14999389648438]",3.5,21.6,10000,9094.02001953125,946.3599853515625,10040.380004882812,13.470016479492188,0.40380004882812504,30,43,39,112,0.26785714285714285,0.38392857142857145,0.3482142857142857
113,219.10000610351562,0,0,HOLD,"[226.38999938964844, 225.1999969482422, 233.7100067138672, 234.14999389648438]",0.0,21.6,10000,9094.02001953125,876.4000244140625,9970.420043945312,13.470016479492188,-0.295799560546875,31,43,39,113,0.2743362831858407,0.3805309734513274,0.34513274336283184
114,222.9600067138672,2,2,SELL,"[225.1999969482422, 233.7100067138672, 234.14999389648438]",-1.0,20.6,10000,9316.980026245117,668.8800201416016,9985.860046386719,10.040023803710938,-0.14139953613281248,31,43,40,114,0.2719298245614035,0.37719298245614036,0.3508771929824561
115,229.0,0,0,HOLD,"[225.1999969482422, 233.7100067138672, 234.14999389648438]",0.0,20.6,10000,9316.980026245117,687.0,10003.980026245117,10.040023803710938,0.039800262451171874,32,43,40,115,0.2782608695652174,0.3739130434782609,0.34782608695652173
116,240.92999267578125,0,0,HOLD,"[225.1999969482422, 233.7100067138672, 234.14999389648438]",0.0,20.6,10000,9316.980026245117,722.7899780273438,10039.770004272461,10.040023803710938,0.3977000427246094,33,43,40,116,0.28448275862068967,0.3706896551724138,0.3448275862068966
117,237.0399932861328,1,1,BUY,"[225.1999969482422, 233.7100067138672, 234.14999389648438, 237.0399932861328]",0.0,20.6,10000,9079.940032958984,948.1599731445312,10028.100006103516,10.040023803710938,0.2810000610351563,33,44,40,117,0.28205128205128205,0.37606837606837606,0.3418803418803419
118,238.07000732421875,2,2,SELL,"[233.7100067138672, 234.14999389648438, 237.0399932861328]",2.6,23.200000000000003,10000,9318.010040283203,714.2100219726562,10032.22006225586,22.9100341796875,0.3222006225585937,33,44,41,118,0.2796610169491525,0.3728813559322034,0.3474576271186441
119,237.82000732421875,1,1,BUY,"[233.7100067138672, 234.14999389648438, 237.0399932861328, 237.82000732421875]",0.0,23.200000000000003,10000,9080.190032958984,951.280029296875,10031.47006225586,22.9100341796875,0.31470062255859377,33,45,41,119,0.2773109243697479,0.37815126050420167,0.3445378151260504
120,240.8800048828125,0,0,HOLD,"[233.7100067138672, 234.14999389648438, 237.0399932861328, 237.82000732421875]",0.0,23.200000000000003,10000,9080.190032958984,963.52001953125,10043.710052490234,22.9100341796875,0.4371005249023437,34,45,41,120,0.2833333333333333,0.375,0.3416666666666667
121,241.6199951171875,0,0,HOLD,"[233.7100067138672, 234.14999389648438, 237.0399932861328, 237.82000732421875]",0.0,23.200000000000003,10000,9080.190032958984,966.47998046875,10046.670013427734,22.9100341796875,0.46670013427734375,35,45,41,121,0.2892561983471074,0.371900826446281,0.33884297520661155
122,233.44000244140625,0,0,HOLD,"[233.7100067138672, 234.14999389648438, 237.0399932861328, 237.82000732421875]",0.0,23.200000000000003,10000,9080.190032958984,933.760009765625,10013.95004272461,22.9100341796875,0.13950042724609374,36,45,41,122,0.29508196721311475,0.36885245901639346,0.3360655737704918
123,234.47000122070312,0,0,HOLD,"[233.7100067138672, 234.14999389648438, 237.0399932861328, 237.82000732421875]",0.0,23.200000000000003,10000,9080.190032958984,937.8800048828125,10018.070037841797,22.9100341796875,0.18070037841796874,37,45,41,123,0.3008130081300813,0.36585365853658536,0.3333333333333333
124,232.74000549316406,0,0,HOLD,"[233.7100067138672, 234.14999389648438, 237.0399932861328, 237.82000732421875]",0.0,23.200000000000003,10000,9080.190032958984,930.9600219726562,10011.15005493164,22.9100341796875,0.11150054931640624,38,45,41,124,0.3064516129032258,0.3629032258064516,0.33064516129032256
125,232.1699981689453,2,2,SELL,"[234.14999389648438, 237.0399932861328, 237.82000732421875]",-1.0,22.200000000000003,10000,9312.36003112793,696.5099945068359,10008.870025634766,21.370025634765625,0.08870025634765626,38,45,42,125,0.304,0.36,0.336
126,239.19000244140625,0,0,HOLD,"[234.14999389648438, 237.0399932861328, 237.82000732421875]",0.0,22.200000000000003,10000,9312.36003112793,717.5700073242188,10029.930038452148,21.370025634765625,0.29930038452148433,39,45,42,126,0.30952380952380953,0.35714285714285715,0.3333333333333333
127,241.22000122070312,0,0,HOLD,"[234.14999389648438, 237.0399932861328, 237.82000732421875]",0.0,22.200000000000003,10000,9312.36003112793,723.6600036621094,10036.020034790039,21.370025634765625,0.3602003479003906,40,45,42,127,0.31496062992125984,0.3543307086614173,0.33070866141732286
128,240.14999389648438,2,2,SELL,"[237.0399932861328, 237.82000732421875]",1.2,23.400000000000002,10000,9552.510025024414,480.29998779296875,10032.810012817383,27.370025634765625,0.3281001281738281,40,45,43,128,0.3125,0.3515625,0.3359375
129,244.36000061035156,2,2,SELL,[237.82000732421875],1.5,24.900000000000002,10000,9796.870025634766,244.36000061035156,10041.230026245117,34.690032958984375,0.4123002624511719,40,45,44,129,0.31007751937984496,0.3488372093023256,0.34108527131782945
130,238.94000244140625,1,1,BUY,"[237.82000732421875, 238.94000244140625]",0.0,24.900000000000002,10000,9557.93002319336,477.8800048828125,10035.810028076172,34.690032958984375,0.35810028076171874,40,46,44,130,0.3076923076923077,0.35384615384615387,0.3384615384615385
131,243.89999389648438,1,1,BUY,"[237.82000732421875, 238.94000244140625, 243.89999389648438]",0.0,24.900000000000002,10000,9314.030029296875,731.6999816894531,10045.730010986328,34.690032958984375,0.45730010986328123,40,47,44,131,0.3053435114503817,0.35877862595419846,0.33587786259541985
132,248.1999969482422,0,0,HOLD,"[237.82000732421875, 238.94000244140625, 243.89999389648438]",0.0,24.900000000000002,10000,9314.030029296875,744.5999908447266,10058.630020141602,34.690032958984375,0.5863002014160157,41,47,44,132,0.3106060606060606,0.3560606060606061,0.3333333333333333
133,244.24000549316406,0,0,HOLD,"[237.82000732421875, 238.94000244140625, 243.89999389648438]",0.0,24.900000000000002,10000,9314.030029296875,732.7200164794922,10046.750045776367,34.690032958984375,0.4675004577636719,42,47,44,133,0.3157894736842105,0.3533834586466165,0.3308270676691729
134,231.86000061035156,0,0,HOLD,"[237.82000732421875, 238.94000244140625, 243.89999389648438]",0.0,24.900000000000002,10000,9314.030029296875,695.5800018310547,10009.61003112793,34.690032958984375,0.09610031127929687,43,47,44,134,0.3208955223880597,0.35074626865671643,0.3283582089552239
135,234.60000610351562,2,2,SELL,"[238.94000244140625, 243.89999389648438]",-1.0,23.900000000000002,10000,9548.63003540039,469.20001220703125,10017.830047607422,31.47003173828125,0.17830047607421876,43,47,45,135,0.31851851851851853,0.34814814814814815,0.3333333333333333
136,235.5800018310547,0,0,HOLD,"[238.94000244140625, 243.89999389648438]",0.0,23.900000000000002,10000,9548.63003540039,471.1600036621094,10019.7900390625,31.47003173828125,0.197900390625,44,47,45,136,0.3235294117647059,0.34558823529411764,0.33088235294117646
137,234.02999877929688,2,2,SELL,[243.89999389648438],-1.0,22.900000000000002,10000,9782.660034179688,234.02999877929688,10016.690032958984,26.560028076171875,0.16690032958984374,44,47,46,137,0.32116788321167883,0.34306569343065696,0.3357664233576642
138,237.6999969482422,0,0,HOLD,[243.89999389648438],0.0,22.900000000000002,10000,9782.660034179688,237.6999969482422,10020.36003112793,26.560028076171875,0.20360031127929687,45,47,46,138,0.32608695652173914,0.34057971014492755,0.3333333333333333
139,246.0399932861328,0,0,HOLD,[243.89999389648438],0.0,22.900000000000002,10000,9782.660034179688,246.0399932861328,10028.70002746582,26.560028076171875,0.28700027465820316,46,47,46,139,0.33093525179856115,0.3381294964028777,0.33093525179856115
140,239.69000244140625,2,2,SELL,[],-1.0,21.900000000000002,10000,10022.350036621094,0.0,10022.350036621094,22.35003662109375,0.2235003662109375,46,47,47,140,0.32857142857142857,0.3357142857142857,0.3357142857142857
141,240.74000549316406,1,1,BUY,[240.74000549316406],1.0,22.900000000000002,10000,9781.61003112793,240.74000549316406,10022.350036621094,22.35003662109375,0.2235003662109375,46,48,47,141,0.3262411347517731,0.3404255319148936,0.3333333333333333
142,237.33999633789062,2,2,SELL,[],-1.0,21.900000000000002,10000,10018.95002746582,0.0,10018.95002746582,18.950027465820312,0.18950027465820313,46,48,48,142,0.323943661971831,0.3380281690140845,0.3380281690140845
143,232.8800048828125,1,1,BUY,[232.8800048828125],1.0,22.900000000000002,10000,9786.070022583008,232.8800048828125,10018.95002746582,18.950027465820312,0.18950027465820313,46,49,48,143,0.32167832167832167,0.34265734265734266,0.3356643356643357
144,239.69000244140625,1,1,BUY,"[232.8800048828125, 239.69000244140625]",0.0,22.900000000000002,10000,9546.380020141602,479.3800048828125,10025.760025024414,18.950027465820312,0.2576002502441406,46,50,48,144,0.3194444444444444,0.3472222222222222,0.3333333333333333
145,234.5800018310547,2,2,SELL,[239.69000244140625],1.0,23.900000000000002,10000,9780.960021972656,234.5800018310547,10015.540023803711,20.6500244140625,0.1554002380371094,46,50,49,145,0.31724137931034485,0.3448275862068966,0.33793103448275863
146,238.61000061035156,1,1,BUY,"[239.69000244140625, 238.61000061035156]",1.0,24.900000000000002,10000,9542.350021362305,477.2200012207031,10019.570022583008,20.6500244140625,0.19570022583007812,46,51,49,146,0.3150684931506849,0.3493150684931507,0.3356164383561644
147,236.10000610351562,2,2,SELL,[238.61000061035156],-1.0,23.900000000000002,10000,9778.45002746582,236.10000610351562,10014.550033569336,17.060028076171875,0.14550033569335935,46,51,50,147,0.3129251700680272,0.3469387755102041,0.3401360544217687
148,236.42999267578125,1,1,BUY,"[238.61000061035156, 236.42999267578125]",1.0,24.900000000000002,10000,9542.020034790039,472.8599853515625,10014.880020141602,17.060028076171875,0.14880020141601563,46,52,50,148,0.3108108108108108,0.35135135135135137,0.33783783783783783
149,239.47999572753906,0,0,HOLD,"[238.61000061035156, 236.42999267578125]",0.0,24.900000000000002,10000,9542.020034790039,478.9599914550781,10020.980026245117,17.060028076171875,0.20980026245117187,47,52,50,149,0.31543624161073824,0.348993288590604,0.33557046979865773
150,239.89999389648438,2,2,SELL,[236.42999267578125],1.0,25.900000000000002,10000,9781.920028686523,239.89999389648438,10021.820022583008,18.350021362304688,0.21820022583007812,47,52,51,150,0.31333333333333335,0.3466666666666667,0.34
151,243.1999969482422,1,1,BUY,"[236.42999267578125, 243.1999969482422]",0.0,25.900000000000002,10000,9538.720031738281,486.3999938964844,10025.120025634766,18.350021362304688,0.25120025634765625,47,53,51,151,0.31125827814569534,0.3509933774834437,0.33774834437086093
152,243.57000732421875,2,2,SELL,[243.1999969482422],1.4,27.3,10000,9782.2900390625,243.57000732421875,10025.860046386719,25.490036010742188,0.2586004638671875,47,53,52,152,0.3092105263157895,0.34868421052631576,0.34210526315789475
153,236.24000549316406,0,0,HOLD,[243.1999969482422],0.0,27.3,10000,9782.2900390625,236.24000549316406,10018.530044555664,25.490036010742188,0.18530044555664063,48,53,52,153,0.3137254901960784,0.3464052287581699,0.33986928104575165
154,231.8800048828125,0,0,HOLD,[243.1999969482422],0.0,27.3,10000,9782.2900390625,231.8800048828125,10014.170043945312,25.490036010742188,0.141700439453125,49,53,52,154,0.3181818181818182,0.34415584415584416,0.33766233766233766
155,228.7899932861328,0,0,HOLD,[243.1999969482422],0.0,27.3,10000,9782.2900390625,228.7899932861328,10011.080032348633,25.490036010742188,0.11080032348632811,50,53,52,155,0.3225806451612903,0.3419354838709677,0.33548387096774196
156,231.57000732421875,1,1,BUY,"[243.1999969482422, 231.57000732421875]",1.0,28.3,10000,9550.720031738281,463.1400146484375,10013.860046386719,25.490036010742188,0.1386004638671875,50,54,52,156,0.32051282051282054,0.34615384615384615,0.3333333333333333
157,238.19000244140625,1,1,BUY,"[243.1999969482422, 231.57000732421875, 238.19000244140625]",1.0,29.3,10000,9312.530029296875,714.5700073242188,10027.100036621094,25.490036010742188,0.2710003662109375,50,55,52,157,0.3184713375796178,0.3503184713375796,0.33121019108280253
158,234.35000610351562,0,0,HOLD,"[243.1999969482422, 231.57000732421875, 238.19000244140625]",0.0,29.3,10000,9312.530029296875,703.0500183105469,10015.580047607422,25.490036010742188,0.15580047607421876,51,55,52,158,0.3227848101265823,0.34810126582278483,0.3291139240506329
159,239.0,2,2,SELL,"[231.57000732421875, 238.19000244140625]",-1.0,28.3,10000,9551.530029296875,478.0,10029.530029296875,21.2900390625,0.29530029296875,51,55,53,159,0.32075471698113206,0.34591194968553457,0.3333333333333333
160,242.69000244140625,0,0,HOLD,"[231.57000732421875, 238.19000244140625]",0.0,28.3,10000,9551.530029296875,485.3800048828125,10036.910034179688,21.2900390625,0.369100341796875,52,55,53,160,0.325,0.34375,0.33125
161,241.4199981689453,1,1,BUY,"[231.57000732421875, 238.19000244140625, 241.4199981689453]",0.0,28.3,10000,9310.11003112793,724.2599945068359,10034.370025634766,21.2900390625,0.3437002563476563,52,56,53,161,0.32298136645962733,0.34782608695652173,0.32919254658385094
162,249.14999389648438,0,0,HOLD,"[231.57000732421875, 238.19000244140625, 241.4199981689453]",0.0,28.3,10000,9310.11003112793,747.4499816894531,10057.560012817383,21.2900390625,0.5756001281738281,53,56,53,162,0.3271604938271605,0.345679012345679,0.3271604938271605
163,248.27000427246094,2,2,SELL,"[238.19000244140625, 241.4199981689453]",3.3,31.6,10000,9558.38003540039,496.5400085449219,10054.920043945312,37.99003601074219,0.5492004394531249,53,56,54,163,0.32515337423312884,0.34355828220858897,0.3312883435582822
164,251.8000030517578,0,0,HOLD,"[238.19000244140625, 241.4199981689453]",0.0,31.6,10000,9558.38003540039,503.6000061035156,10061.980041503906,37.99003601074219,0.6198004150390626,54,56,54,164,0.32926829268292684,0.34146341463414637,0.32926829268292684
165,252.24000549316406,2,2,SELL,[241.4199981689453],2.8,34.4,10000,9810.620040893555,252.24000549316406,10062.860046386719,52.0400390625,0.6286004638671875,54,56,55,165,0.32727272727272727,0.3393939393939394,0.3333333333333333
166,248.2100067138672,0,0,HOLD,[241.4199981689453],0.0,34.4,10000,9810.620040893555,248.2100067138672,10058.830047607422,52.0400390625,0.5883004760742188,55,56,55,166,0.3313253012048193,0.3373493975903614,0.3313253012048193
167,243.11000061035156,0,0,HOLD,[241.4199981689453],0.0,34.4,10000,9810.620040893555,243.11000061035156,10053.730041503906,52.0400390625,0.5373004150390626,56,56,55,167,0.33532934131736525,0.33532934131736525,0.32934131736526945
168,247.38999938964844,1,1,BUY,"[241.4199981689453, 247.38999938964844]",0.0,34.4,10000,9563.230041503906,494.7799987792969,10058.010040283203,52.0400390625,0.5801004028320312,56,57,55,168,0.3333333333333333,0.3392857142857143,0.3273809523809524
169,245.6999969482422,2,2,SELL,[247.38999938964844],1.0,35.4,10000,9808.930038452148,245.6999969482422,10054.63003540039,56.320037841796875,0.5463003540039062,56,57,56,169,0.33136094674556216,0.33727810650887574,0.33136094674556216
170,253.50999450683594,1,1,BUY,"[247.38999938964844, 253.50999450683594]",0.0,35.4,10000,9555.420043945312,507.0199890136719,10062.440032958984,56.320037841796875,0.6244003295898437,56,58,56,170,0.32941176470588235,0.3411764705882353,0.32941176470588235
171,261.3500061035156,2,2,SELL,[253.50999450683594],2.8,38.199999999999996,10000,9816.770050048828,261.3500061035156,10078.120056152344,70.28004455566406,0.7812005615234375,56,58,57,171,0.32748538011695905,0.3391812865497076,0.3333333333333333
172,242.08999633789062,1,1,BUY,"[253.50999450683594, 242.08999633789062]",1.0,39.199999999999996,10000,9574.680053710938,484.17999267578125,10058.860046386719,70.28004455566406,0.5886004638671876,56,59,57,172,0.32558139534883723,0.3430232558139535,0.3313953488372093
173,233.8800048828125,2,2,SELL,[242.08999633789062],-3.9,35.3,10000,9808.56005859375,233.8800048828125,10042.440063476562,50.650054931640625,0.424400634765625,56,59,58,173,0.3236994219653179,0.34104046242774566,0.3352601156069364
174,224.36000061035156,1,1,BUY,"[242.08999633789062, 224.36000061035156]",1.0,36.3,10000,9584.200057983398,448.7200012207031,10032.920059204102,50.650054931640625,0.32920059204101565,56,60,58,174,0.3218390804597701,0.3448275862068966,0.3333333333333333
175,232.77999877929688,2,2,SELL,[224.36000061035156],-1.9,34.4,10000,9816.980056762695,232.77999877929688,10049.760055541992,41.340057373046875,0.4976005554199219,56,60,59,175,0.32,0.34285714285714286,0.33714285714285713
176,228.1999969482422,1,1,BUY,"[224.36000061035156, 228.1999969482422]",0.0,34.4,10000,9588.780059814453,456.3999938964844,10045.180053710938,41.340057373046875,0.45180053710937496,56,61,59,176,0.3181818181818182,0.3465909090909091,0.3352272727272727
177,227.47999572753906,2,2,SELL,[228.1999969482422],1.0,35.4,10000,9816.260055541992,227.47999572753906,10043.740051269531,44.460052490234375,0.43740051269531255,56,61,60,177,0.3163841807909605,0.3446327683615819,0.3389830508474576
178,229.8300018310547,1,1,BUY,"[228.1999969482422, 229.8300018310547]",0.0,35.4,10000,9586.430053710938,459.6600036621094,10046.090057373047,44.460052490234375,0.4609005737304687,56,62,60,178,0.3146067415730337,0.34831460674157305,0.33707865168539325
179,235.8699951171875,2,2,SELL,[229.8300018310547],1.5,36.9,10000,9822.300048828125,235.8699951171875,10058.170043945312,52.13005065917969,0.581700439453125,56,62,61,179,0.3128491620111732,0.3463687150837989,0.3407821229050279
180,230.75999450683594,0,0,HOLD,[229.8300018310547],0.0,36.9,10000,9822.300048828125,230.75999450683594,10053.060043334961,52.13005065917969,0.5306004333496094,57,62,61,180,0.31666666666666665,0.34444444444444444,0.3388888888888889
181,226.97000122070312,1,1,BUY,"[229.8300018310547, 226.97000122070312]",1.0,37.9,10000,9595.330047607422,453.94000244140625,10049.270050048828,52.13005065917969,0.4927005004882813,57,63,61,181,0.3149171270718232,0.34806629834254144,0.3370165745856354
182,225.1300048828125,2,2,SELL,[226.97000122070312],-1.0,36.9,10000,9820.460052490234,225.1300048828125,10045.590057373047,47.4300537109375,0.45590057373046877,57,63,62,182,0.3131868131868132,0.34615384615384615,0.34065934065934067
183,227.63999938964844,2,2,SELL,[],1.0,37.9,10000,10048.100051879883,0.0,10048.100051879883,48.10005187988281,0.4810005187988281,57,63,63,183,0.3114754098360656,0.3442622950819672,0.3442622950819672
184,229.55999755859375,1,1,BUY,[229.55999755859375],1.0,38.9,10000,9818.540054321289,229.55999755859375,10048.100051879883,48.10005187988281,0.4810005187988281,57,64,63,184,0.30978260869565216,0.34782608695652173,0.3423913043478261
185,221.8699951171875,0,0,HOLD,[229.55999755859375],0.0,38.9,10000,9818.540054321289,221.8699951171875,10040.410049438477,48.10005187988281,0.40410049438476564,58,64,63,185,0.31351351351351353,0.34594594594594597,0.34054054054054056
186,220.9600067138672,0,0,HOLD,[229.55999755859375],0.0,38.9,10000,9818.540054321289,220.9600067138672,10039.500061035156,48.10005187988281,0.3950006103515625,59,64,63,186,0.3172043010752688,0.34408602150537637,0.3387096774193548
187,227.8000030517578,2,2,SELL,[],-1.0,37.9,10000,10046.340057373047,0.0,10046.340057373047,46.340057373046875,0.4634005737304688,59,64,64,187,0.3155080213903743,0.3422459893048128,0.3422459893048128
188,232.14999389648438,1,1,BUY,[232.14999389648438],1.0,38.9,10000,9814.190063476562,232.14999389648438,10046.340057373047,46.340057373046875,0.4634005737304688,59,65,64,188,0.31382978723404253,0.34574468085106386,0.3404255319148936
189,232.9199981689453,1,1,BUY,"[232.14999389648438, 232.9199981689453]",0.0,38.9,10000,9581.270065307617,465.8399963378906,10047.110061645508,46.340057373046875,0.4711006164550781,59,66,64,189,0.31216931216931215,0.3492063492063492,0.3386243386243386
190,231.00999450683594,0,0,HOLD,"[232.14999389648438, 232.9199981689453]",0.0,38.9,10000,9581.270065307617,462.0199890136719,10043.290054321289,46.340057373046875,0.4329005432128906,60,66,64,190,0.3157894736842105,0.3473684210526316,0.3368421052631579
191,233.9600067138672,2,2,SELL,[232.9199981689453],1.0,39.9,10000,9815.230072021484,233.9600067138672,10049.190078735352,48.15007019042969,0.4919007873535156,60,66,65,191,0.31413612565445026,0.34554973821989526,0.3403141361256545
192,225.55999755859375,1,1,BUY,"[232.9199981689453, 225.55999755859375]",1.0,40.9,10000,9589.67007446289,451.1199951171875,10040.790069580078,48.15007019042969,0.40790069580078125,60,67,65,192,0.3125,0.3489583333333333,0.3385416666666667
193,228.92999267578125,2,2,SELL,[225.55999755859375],-1.0,39.9,10000,9818.600067138672,228.92999267578125,10047.530059814453,44.160064697265625,0.47530059814453124,60,67,66,193,0.31088082901554404,0.3471502590673575,0.34196891191709844
194,228.00999450683594,1,1,BUY,"[225.55999755859375, 228.00999450683594]",0.0,39.9,10000,9590.590072631836,456.0199890136719,10046.610061645508,44.160064697265625,0.46610061645507816,60,68,66,194,0.30927835051546393,0.35051546391752575,0.3402061855670103
195,233.00999450683594,2,2,SELL,[228.00999450683594],1.5,41.4,10000,9823.600067138672,233.00999450683594,10056.610061645508,51.61006164550781,0.5661006164550781,60,68,67,195,0.3076923076923077,0.3487179487179487,0.3435897435897436
196,234.30999755859375,0,0,HOLD,[228.00999450683594],0.0,41.4,10000,9823.600067138672,234.30999755859375,10057.910064697266,51.61006164550781,0.5791006469726563,61,68,67,196,0.3112244897959184,0.3469387755102041,0.34183673469387754
197,237.5,1,1,BUY,"[228.00999450683594, 237.5]",0.0,41.4,10000,9586.100067138672,475.0,10061.100067138672,51.61006164550781,0.6110006713867188,61,69,67,197,0.3096446700507614,0.350253807106599,0.3401015228426396
198,242.1199951171875,0,0,HOLD,"[228.00999450683594, 237.5]",0.0,41.4,10000,9586.100067138672,484.239990234375,10070.340057373047,51.61006164550781,0.7034005737304687,62,69,67,198,0.31313131313131315,0.3484848484848485,0.3383838383838384
199,244.08999633789062,2,2,SELL,[237.5],3.2,44.6,10000,9830.190063476562,244.08999633789062,10074.280059814453,67.6900634765625,0.7428005981445313,62,69,68,199,0.31155778894472363,0.34673366834170855,0.3417085427135678
200,246.6999969482422,2,2,SELL,[],1.8,46.4,10000,10076.890060424805,0.0,10076.890060424805,76.89006042480469,0.7689006042480468,62,69,69,200,0.31,0.345,0.345
201,252.02999877929688,0,0,HOLD,[],0.0,46.4,10000,10076.890060424805,0.0,10076.890060424805,76.89006042480469,0.7689006042480468,63,69,69,201,0.31343283582089554,0.34328358208955223,0.34328358208955223
202,259.9700012207031,1,1,BUY,[259.9700012207031],1.0,47.4,10000,9816.920059204102,259.9700012207031,10076.890060424805,76.89006042480469,0.7689006042480468,63,70,69,202,0.3118811881188119,0.3465346534653465,0.3415841584158416
203,259.94000244140625,1,1,BUY,"[259.9700012207031, 259.94000244140625]",1.0,48.4,10000,9556.980056762695,519.8800048828125,10076.860061645508,76.89006042480469,0.7686006164550782,63,71,69,203,0.3103448275862069,0.3497536945812808,0.3399014778325123
204,257.3399963378906,2,2,SELL,[259.94000244140625],-1.0,47.4,10000,9814.320053100586,257.3399963378906,10071.660049438477,74.26005554199219,0.7166004943847657,63,71,70,204,0.3088235294117647,0.3480392156862745,0.3431372549019608
205,254.00999450683594,1,1,BUY,"[259.94000244140625, 254.00999450683594]",1.0,48.4,10000,9560.31005859375,508.0199890136719,10068.330047607422,74.26005554199219,0.6833004760742187,63,72,70,205,0.3073170731707317,0.35121951219512193,0.34146341463414637
206,252.75999450683594,1,1,BUY,"[259.94000244140625, 254.00999450683594, 252.75999450683594]",1.0,49.4,10000,9307.550064086914,758.2799835205078,10065.830047607422,74.26005554199219,0.6583004760742188,63,73,70,206,0.3058252427184466,0.35436893203883496,0.33980582524271846
207,254.4199981689453,2,2,SELL,"[254.00999450683594, 252.75999450683594]",-1.1,48.3,10000,9561.97006225586,508.8399963378906,10070.81005859375,68.74005126953125,0.7081005859374999,63,73,71,207,0.30434782608695654,0.3526570048309179,0.34299516908212563
208,249.1300048828125,1,1,BUY,"[254.00999450683594, 252.75999450683594, 249.1300048828125]",1.0,49.3,10000,9312.840057373047,747.3900146484375,10060.230072021484,68.74005126953125,0.6023007202148437,63,74,71,208,0.30288461538461536,0.3557692307692308,0.34134615384615385
209,250.60000610351562,2,2,SELL,"[252.75999450683594, 249.1300048828125]",-1.0,48.3,10000,9563.440063476562,501.20001220703125,10064.640075683594,65.33006286621094,0.6464007568359376,63,74,72,209,0.3014354066985646,0.35406698564593303,0.3444976076555024
210,237.6199951171875,2,2,SELL,[249.1300048828125],-3.0,45.3,10000,9801.06005859375,237.6199951171875,10038.680053710938,50.1900634765625,0.38680053710937495,63,74,73,210,0.3,0.3523809523809524,0.3476190476190476
211,242.83999633789062,0,0,HOLD,[249.1300048828125],0.0,45.3,10000,9801.06005859375,242.83999633789062,10043.90005493164,50.1900634765625,0.43900054931640625,64,74,73,211,0.3033175355450237,0.35071090047393366,0.3459715639810427
212,235.5399932861328,0,0,HOLD,[249.1300048828125],0.0,45.3,10000,9801.06005859375,235.5399932861328,10036.600051879883,50.1900634765625,0.3660005187988281,65,74,73,212,0.30660377358490565,0.3490566037735849,0.3443396226415094
213,240.74000549316406,0,0,HOLD,[249.1300048828125],0.0,45.3,10000,9801.06005859375,240.74000549316406,10041.800064086914,50.1900634765625,0.4180006408691406,66,74,73,213,0.30985915492957744,0.3474178403755869,0.3427230046948357
214,248.30999755859375,1,1,BUY,"[249.1300048828125, 248.30999755859375]",1.0,46.3,10000,9552.750061035156,496.6199951171875,10049.370056152344,50.1900634765625,0.4937005615234375,66,75,73,214,0.308411214953271,0.35046728971962615,0.3411214953271028
215,245.88999938964844,1,1,BUY,"[249.1300048828125, 248.30999755859375, 245.88999938964844]",1.0,47.3,10000,9306.860061645508,737.6699981689453,10044.530059814453,50.1900634765625,0.44530059814453127,66,76,73,215,0.30697674418604654,0.35348837209302325,0.3395348837209302
216,255.9199981689453,1,1,BUY,"[249.1300048828125, 248.30999755859375, 245.88999938964844, 255.9199981689453]",0.0,47.3,10000,9050.940063476562,1023.6799926757812,10074.620056152344,50.1900634765625,0.7462005615234375,66,77,73,216,0.3055555555555556,0.35648148148148145,0.33796296296296297
217,259.4100036621094,1,1,BUY,"[249.1300048828125, 248.30999755859375, 245.88999938964844, 255.9199981689453, 259.4100036621094]",0.0,47.3,10000,8791.530059814453,1297.0500183105469,10088.580078125,50.1900634765625,0.8858007812500001,66,78,73,217,0.30414746543778803,0.35944700460829493,0.33640552995391704
218,262.6099853515625,2,2,SELL,"[248.30999755859375, 245.88999938964844, 255.9199981689453, 259.4100036621094]",2.7,50.0,10000,9054.140045166016,1050.43994140625,10104.579986572266,63.6700439453125,1.0457998657226564,66,78,74,218,0.30275229357798167,0.3577981651376147,0.3394495412844037
219,247.22000122070312,2,2,SELL,"[245.88999938964844, 255.9199981689453, 259.4100036621094]",-1.0,49.0,10000,9301.360046386719,741.6600036621094,10043.020050048828,62.580047607421875,0.43020050048828123,66,78,75,219,0.3013698630136986,0.3561643835616438,0.3424657534246575
220,246.7899932861328,2,2,SELL,"[255.9199981689453, 259.4100036621094]",1.0,50.0,10000,9548.150039672852,493.5799865722656,10041.730026245117,63.48004150390625,0.41730026245117186,66,78,76,220,0.3,0.35454545454545455,0.34545454545454546
221,245.7100067138672,1,1,BUY,"[255.9199981689453, 259.4100036621094, 245.7100067138672]",1.0,51.0,10000,9302.440032958984,737.1300201416016,10039.570053100586,63.48004150390625,0.3957005310058594,66,79,76,221,0.2986425339366516,0.3574660633484163,0.3438914027149321
222,251.0,1,1,BUY,"[255.9199981689453, 259.4100036621094, 245.7100067138672, 251.0]",1.0,52.0,10000,9051.440032958984,1004.0,10055.440032958984,63.48004150390625,0.5544003295898438,66,80,76,222,0.2972972972972973,0.36036036036036034,0.34234234234234234
223,248.7899932861328,2,2,SELL,"[259.4100036621094, 245.7100067138672, 251.0]",-1.4,50.6,10000,9300.230026245117,746.3699798583984,10046.600006103516,56.35003662109375,0.4660000610351563,66,80,77,223,0.29596412556053814,0.35874439461883406,0.3452914798206278
224,252.7100067138672,0,0,HOLD,"[259.4100036621094, 245.7100067138672, 251.0]",0.0,50.6,10000,9300.230026245117,758.1300201416016,10058.360046386719,56.35003662109375,0.5836004638671874,67,80,77,224,0.29910714285714285,0.35714285714285715,0.34375
225,252.22000122070312,2,2,SELL,"[245.7100067138672, 251.0]",-1.4,49.2,10000,9552.45002746582,504.44000244140625,10056.890029907227,49.1600341796875,0.5689002990722656,67,80,78,225,0.29777777777777775,0.35555555555555557,0.3466666666666667
226,256.8800048828125,0,0,HOLD,"[245.7100067138672, 251.0]",0.0,49.2,10000,9552.45002746582,513.760009765625,10066.210037231445,49.1600341796875,0.6621003723144532,68,80,78,226,0.3008849557522124,0.35398230088495575,0.34513274336283184
227,254.88999938964844,1,1,BUY,"[245.7100067138672, 251.0, 254.88999938964844]",0.0,49.2,10000,9297.560028076172,764.6699981689453,10062.230026245117,49.1600341796875,0.6223002624511719,68,81,78,227,0.29955947136563876,0.3568281938325991,0.3436123348017621
228,257.25,2,2,SELL,"[251.0, 254.88999938964844]",2.3,51.5,10000,9554.810028076172,514.5,10069.310028076172,60.70002746582031,0.6931002807617188,68,81,79,228,0.2982456140350877,0.35526315789473684,0.34649122807017546
229,258.9700012207031,0,0,HOLD,"[251.0, 254.88999938964844]",0.0,51.5,10000,9554.810028076172,517.9400024414062,10072.750030517578,60.70002746582031,0.7275003051757812,69,81,79,229,0.30131004366812225,0.3537117903930131,0.34497816593886466
230,271.239990234375,0,0,HOLD,"[251.0, 254.88999938964844]",0.0,51.5,10000,9554.810028076172,542.47998046875,10097.290008544922,60.70002746582031,0.9729000854492187,70,81,79,230,0.30434782608695654,0.3521739130434783,0.34347826086956523
231,272.80999755859375,2,2,SELL,[254.88999938964844],4.4,55.9,10000,9827.620025634766,272.80999755859375,10100.43002319336,82.51002502441406,1.0043002319335936,70,81,80,231,0.30303030303030304,0.35064935064935066,0.3463203463203463
232,280.2300109863281,0,0,HOLD,[254.88999938964844],0.0,55.9,10000,9827.620025634766,280.2300109863281,10107.850036621094,82.51002502441406,1.0785003662109376,71,81,80,232,0.30603448275862066,0.34913793103448276,0.3448275862068966
233,279.1099853515625,1,1,BUY,"[254.88999938964844, 279.1099853515625]",0.0,55.9,10000,9548.510040283203,558.219970703125,10106.730010986328,82.51002502441406,1.067300109863281,71,82,80,233,0.30472103004291845,0.351931330472103,0.34334763948497854
234,277.05999755859375,0,0,HOLD,"[254.88999938964844, 279.1099853515625]",0.0,55.9,10000,9548.510040283203,554.1199951171875,10102.63003540039,82.51002502441406,1.0263003540039062,72,82,80,234,0.3076923076923077,0.3504273504273504,0.3418803418803419
235,277.2900085449219,0,0,HOLD,"[254.88999938964844, 279.1099853515625]",0.0,55.9,10000,9548.510040283203,554.5800170898438,10103.090057373047,82.51002502441406,1.0309005737304688,73,82,80,235,0.31063829787234043,0.34893617021276596,0.3404255319148936
236,278.0,1,1,BUY,"[254.88999938964844, 279.1099853515625, 278.0]",0.0,55.9,10000,9270.510040283203,834.0,10104.510040283203,82.51002502441406,1.0451004028320312,73,83,80,236,0.3093220338983051,0.3516949152542373,0.3389830508474576
237,280.79998779296875,1,1,BUY,"[254.88999938964844, 279.1099853515625, 278.0, 280.79998779296875]",0.0,55.9,10000,8989.710052490234,1123.199951171875,10112.91000366211,82.51002502441406,1.1291000366210937,73,84,80,237,0.3080168776371308,0.35443037974683544,0.33755274261603374
238,284.3800048828125,0,0,HOLD,"[254.88999938964844, 279.1099853515625, 278.0, 280.79998779296875]",0.0,55.9,10000,8989.710052490234,1137.52001953125,10127.230072021484,82.51002502441406,1.2723007202148438,74,84,80,238,0.31092436974789917,0.35294117647058826,0.33613445378151263
239,279.4200134277344,2,2,SELL,"[279.1099853515625, 278.0, 280.79998779296875]",4.9,60.8,10000,9269.130065917969,838.2600402832031,10107.390106201172,107.0400390625,1.0739010620117186,74,84,81,239,0.30962343096234307,0.3514644351464435,0.3389121338912134
240,281.1600036621094,0,1,BUY,"[279.1099853515625, 278.0, 280.79998779296875]",-1.0,59.8,10000,9269.130065917969,843.4800109863281,10112.610076904297,107.0400390625,1.1261007690429687,75,84,81,240,0.3125,0.35,0.3375
241,279.67999267578125,0,1,BUY,"[279.1099853515625, 278.0, 280.79998779296875]",-1.0,58.8,10000,9269.130065917969,839.0399780273438,10108.170043945312,107.0400390625,1.0817004394531249,76,84,81,241,0.3153526970954357,0.34854771784232363,0.3360995850622407
242,288.3299865722656,0,0,HOLD,"[279.1099853515625, 278.0, 280.79998779296875]",0.0,58.8,10000,9269.130065917969,864.9899597167969,10134.120025634766,107.0400390625,1.3412002563476564,77,84,81,242,0.3181818181818182,0.34710743801652894,0.3347107438016529
243,287.5299987792969,2,2,SELL,"[278.0, 280.79998779296875]",1.7,60.5,10000,9556.660064697266,575.0599975585938,10131.72006225586,115.46005249023438,1.3172006225585937,77,84,82,243,0.3168724279835391,0.345679012345679,0.3374485596707819
244,292.1700134277344,0,0,HOLD,"[278.0, 280.79998779296875]",0.0,60.5,10000,9556.660064697266,584.3400268554688,10141.000091552734,115.46005249023438,1.4100009155273439,78,84,82,244,0.319672131147541,0.3442622950819672,0.3360655737704918
245,297.3500061035156,2,2,SELL,[280.79998779296875],3.9,64.4,10000,9854.010070800781,297.3500061035156,10151.360076904297,134.81005859375,1.5136007690429687,78,84,83,245,0.3183673469387755,0.34285714285714286,0.33877551020408164
246,305.0,0,1,BUY,[280.79998779296875],-1.0,63.400000000000006,10000,9854.010070800781,305.0,10159.010070800781,134.81005859375,1.5901007080078127,79,84,83,246,0.32113821138211385,0.34146341463414637,0.33739837398373984
247,300.8800048828125,0,0,HOLD,[280.79998779296875],0.0,63.400000000000006,10000,9854.010070800781,300.8800048828125,10154.890075683594,134.81005859375,1.5489007568359374,80,84,83,247,0.32388663967611336,0.340080971659919,0.3360323886639676
248,303.8599853515625,0,1,BUY,[280.79998779296875],-1.0,62.400000000000006,10000,9854.010070800781,303.8599853515625,10157.870056152344,134.81005859375,1.5787005615234373,81,84,83,248,0.32661290322580644,0.3387096774193548,0.3346774193548387
249,300.17999267578125,0,1,BUY,[280.79998779296875],-1.0,61.400000000000006,10000,9854.010070800781,300.17999267578125,10154.190063476562,134.81005859375,1.541900634765625,82,84,83,249,0.3293172690763052,0.3373493975903614,0.3333333333333333
250,301.3900146484375,0,1,BUY,[280.79998779296875],-1.0,60.400000000000006,10000,9854.010070800781,301.3900146484375,10155.400085449219,134.81005859375,1.5540008544921875,83,84,83,250,0.332,0.336,0.332
251,299.6499938964844,0,1,BUY,[280.79998779296875],-1.0,59.400000000000006,10000,9854.010070800781,299.6499938964844,10153.660064697266,134.81005859375,1.5366006469726563,84,84,83,251,0.3346613545816733,0.3346613545816733,0.33067729083665337
252,298.1099853515625,2,2,SELL,[],3.5,62.900000000000006,10000,10152.120056152344,0.0,10152.120056152344,152.12005615234375,1.5212005615234374,84,84,84,252,0.3333333333333333,0.3333333333333333,0.3333333333333333
253,299.4100036621094,0,1,BUY,[],-1.0,61.900000000000006,10000,10152.120056152344,0.0,10152.120056152344,152.12005615234375,1.5212005615234374,85,84,84,253,0.3359683794466403,0.33201581027667987,0.33201581027667987
